a,b,c,d,e,f,g,h,i,j,k,l,m
0,-0.025727952,-0.023989907,-0.022216396,-0.02429886,-0.005082218,-0.004970138,0.059935447,0.058051273,-0.061355818,-0.061867731,-0.056965872,-0.051364654
0.01,-0.027414181,-0.026999431,-0.024166769,-0.02508125,-0.004229748,-0.004394686,0.062214423,0.060422818,-0.052919649,-0.051544187,-0.065901404,-0.063511371
0.02,-0.028446038,-0.028058882,-0.025499033,-0.026868116,-0.003369939,-0.003599766,0.063020717,0.061474158,-0.043315366,-0.041667607,-0.07354806,-0.070144237
0.03,-0.02882498,-0.028660255,-0.026030797,-0.0281312,-0.002362844,-0.002316597,0.06234244,0.061343223,-0.033140696,-0.032840135,-7.96E-02,-0.076511759
0.04,-0.028561695,-0.028626223,-0.026060924,-0.02833007,-0.001390812,-0.001474383,0.060164271,0.059718448,-0.022173508,-0.022000105,-0.083962885,-0.081401833
0.05,-0.027661631,-0.027877951,-0.02561572,-0.028079788,-0.000331361,-0.000308845,0.056594745,0.057033064,-0.011697057,-0.013197653,-0.085765372,-0.084040998
0.06,-0.026208689,-0.026834765,-0.024483656,-0.026639978,0.000786884,0.000807898,0.051861869,0.052368595,-0.0009635,-0.001265814,-0.085811678,-0.084559759
0.07,-0.023945248,-0.023819747,-0.022635292,-0.024659778,0.00173467,0.00203665,0.045725747,0.044603922,0.011232826,0.009871791,-0.083890444,-0.083498548
0.08,-0.021402085,-0.022850976,-0.020548191,-0.023584963,0.002747901,0.002799942,0.038650895,0.038007232,0.022744781,0.02149082,-0.079797307,-0.079253963
0.09,-0.018628896,-0.019981914,-0.018064379,-0.020402404,0.003833058,0.003475473,0.030487839,0.030201275,0.03299039,0.033083241,-0.073697105,-0.074333633
0.1,-0.014993708,-0.014561878,-0.014744577,-0.014669386,0.004772604,0.004538443,0.022013946,0.022965876,0.04292967,0.04098593,-0.065956679,-0.066552051
0.11,-0.01155988,-0.012298866,-0.011783504,-0.013775932,0.005514009,0.005738528,0.012881604,0.012080228,0.051894557,0.048858149,-0.057035523,-0.057066301
0.12,-0.007575062,-0.007534361,-0.008207154,-0.008323924,0.006128171,0.00600353,0.002549992,0.002067649,0.059614555,0.056454938,-0.045441471,-0.042953633
0.13,-0.003726113,-0.003816734,-0.004775342,-0.005416838,0.006670278,0.006559756,-0.006655091,-0.007298153,0.066047522,0.063804834,-0.033745838,-0.033786959
0.14,0.000261881,0.000602474,-0.001121873,-0.000730526,0.007071794,0.006782014,-0.015527624,-0.015921348,0.070945536,0.068450248,-0.021266271,-0.021448754
0.15,0.004583113,0.004624757,0.002489625,0.00354616,0.007291306,0.007262408,-0.024467019,-0.023659027,0.074321,0.071190865,-0.009247957,-0.010301966
0.16,0.009280884,0.0085537,0.006620913,0.006934284,0.007287786,0.007364719,-0.033428644,-0.031313451,0.07577141,0.073180807,0.003042954,0.002947417
0.17,0.013681724,0.012266435,0.010510331,0.011565407,0.007122348,0.007215459,-0.041530589,-0.038624552,0.075364186,0.073509324,0.016790499,0.015313946
0.18,0.01747338,0.017010598,0.014294949,0.014325036,0.006753963,0.006914279,-0.048371595,-0.046180185,0.073384244,0.072285421,0.029261912,0.02880005
0.19,0.021143844,0.019514622,0.017398501,0.019144386,0.006227391,0.006331618,-0.054540032,-0.050976618,0.069119488,0.067347925,0.040498222,0.040533749
0.2,0.023601434,0.024621978,0.020550032,0.020034922,0.005590528,0.006092579,-0.058947567,-0.057695616,0.063516804,0.061926773,0.051452922,0.049796382
0.21,0.026011989,0.024546961,0.022687259,0.024686945,0.004936283,0.005447089,-0.062275094,-0.059047964,0.056490232,0.055572598,0.061003088,0.059218961
0.22,0.027636678,0.027691326,0.024153977,0.026619338,0.004051283,0.004235418,-0.063767604,-0.062070921,0.048275119,0.049721778,0.06941059,0.065837194
0.23,0.028447392,0.028700094,0.025205145,0.027603858,0.003019169,0.002869508,-0.063818673,-0.062501877,0.038927814,0.039181984,0.07627447,0.072587048
0.24,0.028821141,0.029104185,0.025893035,0.028169354,0.001974953,0.002144196,-0.062454781,-0.061606062,0.0286262,0.028769648,0.08163185,0.077604624
0.25,0.028646562,0.02913341,0.025897842,0.028548811,0.001009014,0.001245076,-0.059509286,-0.059298418,0.018199445,0.018630297,0.084552754,0.082453414
0.26,0.027941592,0.028669882,0.025332819,0.028210338,-4.98E-05,-8.61E-06,-0.055312251,-0.055928791,0.00611015,0.005351303,0.085568732,0.083994418
0.27,0.026714127,0.027878566,0.024276372,0.027255472,-0.00114392,-0.001123507,-0.049525203,-0.049994972,-0.005440558,-0.005824625,0.084548205,0.083713838
0.28,0.024359748,0.023936577,0.022867032,0.026400598,-0.00212239,-0.002239049,-0.042636561,-0.042731593,-0.016133131,-0.016653454,0.081604985,0.081785523
0.29,0.022023437,0.024255352,0.020724183,0.023222931,-0.003170168,-0.002881491,-0.034942912,-0.034695953,-0.027008737,-0.026796925,0.076129202,0.074662992
0.3,0.018827789,0.018937325,0.017611962,0.018177761,-0.004139926,-0.003983429,-0.026143121,-0.025902684,-0.037807783,-0.035350468,0.069186915,0.068749643
0.31,0.015015361,0.015313725,0.014387732,0.016291288,-0.005045998,-0.004532144,-0.017369422,-0.018441723,-0.047699941,-0.046148226,0.060686974,0.061451203
0.32,0.010838368,0.010537204,0.010504666,0.010713967,-0.005829761,-0.005467913,-0.008714728,-0.009436453,-0.056956094,-0.051985528,0.051055097,0.05262622
0.33,0.00623398,0.006322446,0.006355439,0.006654261,-0.006407487,-0.006270602,0.000350924,0.00015238,-0.064498723,-0.059118445,0.040064262,0.040735108
0.34,0.001348798,0.001489148,0.002136732,0.002643908,-0.006913888,-0.006517751,0.010919858,0.009429561,-0.069765123,-0.06752423,0.028364338,0.02908209
0.35,-0.002813218,-0.002527643,-0.001645612,-0.00120504,-0.007299397,-0.006771982,0.020501266,0.018604647,-0.073572486,-0.071766841,0.016016692,0.016066466
0.36,-0.006926182,-0.006743775,-0.00537753,-0.005278737,-0.007436811,-0.007321255,0.029111243,0.028061215,-0.075828761,-0.073954837,0.002209367,0.001829559
0.37,-0.011080473,-0.010254164,-0.009001517,-0.009262911,-0.007376859,-0.007409575,0.037096072,0.036436273,-0.07634632,-0.074745295,-0.010005284,-0.010999984
0.38,-0.01467562,-0.015116687,-0.012470149,-0.013515822,-0.007162926,-0.007256067,0.044555446,0.041422049,-0.07515941,-0.074219625,-0.022268687,-0.02285642
0.39,-0.018356855,-0.01643642,-0.015433711,-0.017471415,-6.68E-03,-0.006818631,0.050681611,0.048168256,-0.072177437,-0.071517761,-0.034871293,-0.032760939
0.4,-0.021303723,-0.021575103,-0.018689699,-0.018081371,-0.006151497,-0.006485694,0.055566407,0.05376815,-0.067590774,-0.067010062,-0.046629711,-0.044753374
0.41,-0.023918941,-0.023183527,-0.021094675,-0.022559887,-0.005403997,-0.00548362,0.05916709,0.058065478,-0.061440361,-0.062741144,-0.058046137,-0.051546787
0.42,-0.026225512,-0.024872589,-0.023281941,-0.02360582,-0.004551527,-0.004649174,0.061885348,0.059407312,-0.05317963,-0.052288253,-0.066828462,-0.065278496
0.43,-0.027702916,-0.027188173,-0.02505516,-0.025685755,-0.003730557,-0.004326108,0.062855836,0.061421973,-0.043678645,-0.042429354,-0.074390145,-0.071186007
0.44,-0.028549035,-0.028260842,-0.026107187,-0.027643639,-0.002847573,-0.003290131,0.062608558,0.061552436,-0.033609289,-0.033520429,-0.080413486,-0.076645783
0.45,-0.028801806,-0.028698192,-0.026666459,-0.028096224,-0.001883266,-0.002216947,0.060673419,0.060050484,-0.022648753,-0.02246578,-0.084287067,-0.081747602
0.46,-0.028497064,-0.028615709,-0.026608524,-0.028306467,-0.000915224,-0.001038106,0.057422324,0.057815282,-0.012182301,-0.013566167,-0.085997888,-0.084130262
0.47,-0.027559107,-0.02781332,-0.025929903,-0.027799336,0.00035404,0.000333039,0.052660352,0.052028062,-0.00151758,-0.001917956,-0.0857855,-0.084496244
0.48,-0.026018875,-0.026644135,-0.024572319,-0.026307642,0.001452759,0.001463086,0.046862789,0.04618355,0.010867831,0.009297283,-0.083679472,-0.083293928
0.49,-0.023566134,-0.02304461,-0.022413806,-0.023677446,0.002579973,0.002449839,0.039985047,0.039484121,0.022273013,0.021101577,-0.079162761,-0.078020748
0.5,-0.020921819,-0.022450147,-0.020168175,-0.022683956,0.003655389,0.00329879,0.032054292,0.031321451,0.032693845,0.032072756,-0.072697736,-0.07299579
0.51,-0.017759216,-0.01824174,-0.017473907,-0.019581477,0.004639309,0.004281981,0.023516284,0.024162871,0.042659132,0.040811651,-0.065045887,-0.065883945
0.52,-0.014168618,-0.015138145,-0.014063811,-0.014491588,0.005355437,0.005581157,0.014527021,0.014718105,0.051640154,0.048800857,-0.055685021,-0.055172147
0.53,-0.010444424,-0.010880685,-0.010893096,-0.012278444,0.005953634,0.006117985,0.004076405,0.003399011,0.059205915,0.056541283,-0.04406788,-0.042394232
0.54,-0.006445358,-0.006767078,-0.007128047,-0.007040626,0.006545995,0.006248362,-0.005351667,-0.005817703,0.065611803,0.063670809,-0.032169944,-0.032137336
0.55,-0.002403634,-0.002126427,-0.003625554,-0.00383515,0.006974934,0.006977193,-0.014370326,-0.014845289,0.070382959,0.06861058,-0.019636174,-0.020129794
0.56,0.001705467,0.00209022,0.000123273,0.00073808,0.007316711,0.007001011,-0.023137759,-0.022905777,0.073970639,0.070480445,-0.007686912,-0.008627838
0.57,0.006445639,0.005934276,0.003905488,0.005251058,0.007436188,0.007337596,-0.031924204,-0.030223616,0.075372297,0.073239172,0.004718584,0.004639526
0.58,0.010978229,0.01061222,0.008073941,0.008437136,0.007303966,0.007358367,-0.040108976,-0.038986758,0.075155145,0.073567431,0.018559855,0.016774398
0.59,0.015087802,0.014894013,0.011986533,0.012154892,0.006937983,0.006814244,-0.047086925,-0.046281894,0.073182541,0.072267311,0.030600184,0.031088425
0.6,0.018992927,0.017065315,0.015528036,0.01642042,0.006466558,0.006772573,-0.053320421,-0.050570939,0.069229824,0.068080146,0.042024678,0.040969468
0.61,0.02206721,0.022321372,0.0187354,0.018911012,0.005822828,0.005717928,-0.058304309,-0.054970663,0.063667909,0.0620838,0.052735619,0.050870081
0.62,0.024395411,0.024991436,0.021668749,0.02188762,0.005244759,0.006008122,-0.061603555,-0.058881667,0.056816389,0.056168349,0.062343892,0.059510614
0.63,0.026733825,0.025061173,0.023562089,0.025753349,0.004503611,0.004794819,-0.063714346,-0.061495898,0.048650114,0.049734695,0.070395326,0.067211214
0.64,0.028076432,0.027989459,0.025107771,0.026220911,0.003567026,0.003800385,-0.064215039,-0.062451452,0.039291436,0.039532259,0.077178525,0.073759109
0.65,0.028784363,0.028821244,0.026416388,0.027355808,0.002512167,0.002572233,-0.063199534,-0.061979125,0.028980853,0.029038212,0.082124089,0.079121424
0.66,0.029078419,0.029124999,0.027027803,0.028344792,0.001467565,0.001612904,-0.060445098,-0.059191559,0.018714601,0.019312651,0.084877795,0.082369944
0.67,0.028757584,0.029046206,0.026739884,0.028398179,0.000405925,0.000449855,-0.056693267,-0.057448896,0.006379959,0.005423529,0.085532168,0.084092222
0.68,0.027965753,0.028530063,0.025587521,0.027243842,-0.00088175,-0.000704611,-0.050917591,-0.049737995,-0.005074576,-0.005511,0.084410104,0.08371122
0.69,0.026339819,0.026773796,0.0240654,0.026047748,-0.00194575,-0.001932333,-0.04404899,-0.042607396,-0.015861562,-0.016446774,0.081137465,0.08116398
0.7,0.023761852,0.02327671,0.022466589,0.025789484,-0.002943103,-0.003029206,-0.0364295,-0.035552629,-0.026810254,-0.026383006,0.07562456,0.074743286
0.71,0.021287954,0.023184871,0.019970761,0.02170317,-0.003842566,-0.004010079,-0.02779622,-0.026428955,-0.037732123,-0.035140698,0.068396629,0.067649895
0.72,0.017708127,0.016668219,0.016562081,0.01704162,-0.004584143,-0.005192225,-0.018951968,-0.020322273,-0.047649516,-0.045910132,0.059680737,0.061048013
0.73,0.013817465,0.014319462,0.013124476,0.014266542,-0.005420219,-0.004894865,-0.010333366,-0.011622346,-0.057017678,-0.051581566,0.049835614,0.051473514
0.74,0.009256079,0.008392381,0.009105969,0.009690093,-0.006156303,-0.005754845,-0.001424913,-0.001725338,-0.064322942,-0.059818694,0.038715733,0.039201742
0.75,0.004433253,0.004143419,0.004859195,0.005099267,-0.006741755,-0.006274421,0.008821083,0.00751558,-0.069614447,-0.067556288,0.026970877,0.02798659
0.76,-8.83E-06,0.000296144,0.000821763,0.001502532,-0.007204768,-0.006875623,0.01881362,0.016962148,-0.073657416,-0.071431286,0.014493069,0.01446654
0.77,-0.004293025,-0.004146066,-0.003057269,-0.002846681,-0.007412436,-0.00727804,0.027186061,0.026818773,-0.076058529,-0.073811114,0.000736898,0.000454079
0.78,-0.008313678,-0.008662348,-0.006703357,-0.007382018,-0.007423079,-0.007412107,0.035055362,0.03467919,-0.076692475,-0.074747612,-0.011288196,-0.012526053
0.79,-0.012382224,-0.011683975,-0.01053308,-0.010104996,-7.36E-03,-0.007409489,0.042646142,0.041098339,-0.075614956,-0.074342019,-0.023667642,-0.023740262
0.8,-0.0156934,-0.016547442,-0.0138449,-0.014953615,-0.007070014,-0.007159465,0.048945771,0.04885842,-0.072749499,-0.071728732,-0.03623304,-0.033871759
0.81,-0.019337642,-0.01740592,-0.01723989,-0.016163055,-0.006555674,-0.00672602,0.05407982,0.054092204,-0.068283213,-0.068050458,-0.048045188,-0.045838918
0.82,-0.022014702,-0.022406245,-0.020168175,-0.020955197,-0.005914347,-0.00605079,0.058328868,0.055997345,-0.062451361,-0.064208119,-0.059159919,-0.053136371
0.83,-0.0246997,-0.022710471,-0.022586755,-0.023190099,-0.005121529,-0.005361998,0.061268569,0.058717319,-0.054307059,-0.054508049,-0.067755476,-0.067528118
0.84,-0.026798003,-0.025721069,-0.024926414,-0.024311992,-0.00426438,-0.004534161,0.062746273,0.061013033,-0.044441336,-0.042042644,-0.075225407,-0.071421055
0.85,-0.028195799,-0.027302757,-0.026398582,-0.026823699,-0.003421652,-0.003910044,0.062691341,0.061582433,-0.034303316,-0.033746765,-0.08105404,-0.077553657
0.86,-0.028972609,-2.83E-02,-0.027204232,-0.027886497,-0.002418077,-0.002368954,0.061203595,0.060658595,-0.023172835,-0.022717564,-0.084722315,-0.082262114
0.87,-0.029116504,-0.028719135,-0.027301692,-0.028336164,-0.001379954,-0.001406749,0.057933703,0.057235967,-0.012811311,-0.014293454,-0.086092816,-0.084316687
0.88,-0.028630145,-0.02849267,-0.026822156,-0.028063737,-0.000233814,-0.000205119,0.053547412,0.053358824,-0.001952141,-0.002327583,-0.085777646,-0.084517187
0.89,-0.027469671,-0.027477851,-0.025844416,-0.027361771,0.00093932,0.000966685,0.04788911,0.047809998,0.010498888,0.008921301,-0.083246242,-0.082752251
0.9,-0.025697825,-0.026061817,-0.02416737,-0.025122105,0.001945513,0.002046993,0.041209079,0.042286922,0.022138559,0.020437634,-0.078672324,-0.077383112
0.91,-0.022972872,-0.022147551,-0.021796941,-0.022448136,0.002958487,0.003094384,0.033240128,0.032404334,0.032514459,0.032436593,-0.072200261,-0.072673024
0.92,-0.020221141,-0.02149292,-0.019380507,-0.021457306,0.003973477,0.003562205,0.025173417,0.026208817,0.042564718,0.040129898,-0.064402371,-0.065229486
0.93,-0.016641271,-0.015800929,-0.016184129,-0.01605435,0.004827793,0.00498502,0.01608944,0.016511065,0.051505615,0.048840253,-0.054741269,-0.054676131
0.94,-0.013125174,-0.014756799,-0.013087744,-0.015575673,0.005490664,0.005654285,0.005845762,0.005159613,0.059144289,0.05636121,-0.04286964,-0.040541962
0.95,-0.009198292,-0.008953057,-0.009727215,-0.010665943,0.00607796,0.006293337,-0.003772554,-0.004062336,0.065572664,0.063674972,-0.03082326,-0.031134747
0.96,-0.005338099,-0.005792771,-0.005947661,-0.005968558,0.006656073,0.006314065,-0.01251707,-0.013723138,0.07066045,0.067919428,-0.018334209,-0.019108795
0.97,-0.001191833,-0.000951791,-0.002191753,-0.001735817,0.007052525,0.006951744,-0.021414494,-0.021721657,0.074332029,0.070586317,-0.006439448,-0.00719468
0.98,0.003060348,0.003573246,0.001619387,0.002346419,0.007294653,0.007136237,-0.030037002,-0.028751963,0.076032421,0.073051374,0.006363186,0.006055905
0.99,0.007791378,0.007240705,0.005639268,0.006003965,0.007308901,0.007359397,-0.03813796,-0.037292374,0.075916077,0.073579233,0.019999107,0.018320938
1,0.012203204,0.011444692,0.009826346,0.009923209,0.007099045,0.007233269,-0.045304607,-0.045075973,0.074224569,0.072583253,0.031942362,0.03259132
1.01,0.016014688,0.01617186,0.013978706,0.01292651,0.006683882,0.00671262,-0.051908077,-0.048047131,0.07017748,0.067774418,0.04341432,0.042418548
1.02,0.019929254,0.017453184,0.017407642,0.017984813,0.006139887,0.006302607,-0.057334594,-0.052814682,0.064709422,0.063632271,0.053992952,0.051936613
1.03,0.022697723,0.023253236,0.020867434,0.019420546,0.005528257,0.005977866,-0.061078743,-0.058039068,0.057725679,0.056897652,0.063376693,0.060568949
1.04,0.025135829,0.024479327,0.023236919,0.024078148,0.004905255,0.005718615,-0.063471874,-0.061193431,0.049696433,0.050446875,0.071380147,0.068268391
1.05,0.027317173,0.026205039,0.024976664,0.026359786,0.004057034,0.00425327,-0.064176888,-0.062416218,0.04027115,0.040721228,0.077985548,7.50E-02
1.06,0.028554981,0.028308406,0.026638861,0.026305755,0.003073843,0.003111551,-0.063470458,-0.062241123,0.029990222,0.029736059,0.082736448,0.079611174
1.07,0.029265401,0.02889965,0.027471591,0.028187078,0.002002719,0.00198056,-0.061071405,-0.059943565,0.019505788,0.019665845,0.08519494,0.082839652
1.08,0.029410283,0.02916182,0.027476526,0.028571084,0.000956915,0.001092427,-0.057414846,-0.057580345,0.007133123,0.006056659,0.085833434,0.084085184
1.09,0.028852126,0.028848967,0.026947423,0.028287629,-0.000158712,-0.000141948,-0.05179109,-0.049102591,-0.004464062,-0.004744017,0.084424395,0.083462912
1.1,0.027820999,0.028162365,0.025613528,0.027020725,-0.001252625,-0.001417778,-0.04501759,-0.043201345,-0.015294908,-0.015979125,0.081024555,0.081087633
1.11,0.025942337,0.026099553,0.024022742,0.025950459,-0.002183415,-0.00240732,-0.037507319,-0.037138737,-0.026229266,-0.025838325,0.075146226,0.073528739
1.12,0.023291886,0.023218603,0.022090993,0.024610728,-0.003063652,-0.003568008,-0.029094752,-0.027870911,-0.03703565,-0.034754116,0.067776417,0.067676459
1.13,0.020590493,0.021723604,0.019312783,0.020523127,-0.003925821,-0.004201353,-0.02057022,-0.021977647,-0.04695433,-0.04522486,0.058716043,0.059282347
1.14,0.016690604,0.015191459,0.015919381,0.017039088,-0.004701559,-0.005283463,-0.011834029,-0.013296645,-0.056358927,-0.051505091,0.048746251,0.05077335
1.15,0.012665574,0.012664003,0.012211152,0.012805832,-0.005484249,-0.005479543,-0.002895621,-0.003320845,-0.063959106,-0.059556095,0.037356004,0.037085673
1.16,0.008029129,0.007547207,0.008110762,0.00885702,-0.006188147,-0.006048816,0.007057906,0.006124007,-0.069517072,-0.066880886,0.025811218,0.027502805
1.17,0.003159139,0.003085041,0.003581691,0.003890513,-0.006678841,-0.006733272,0.016886421,0.015976598,-0.073821438,-0.070948145,0.012830099,0.012040492
1.18,-0.001131881,-0.000909863,-0.000458745,0.000123662,-0.007099025,-0.007054622,0.025682908,0.026015441,-0.076313318,-0.073685458,-0.000585967,-0.000799006
1.19,-0.005370157,-0.005153246,-0.004485363,-0.004152295,-7.29E-03,-0.007350781,0.033584267,0.0331381,-0.07709206,-0.074672682,-0.012698308,-0.013844112
1.2,-0.009330299,-0.009336763,-0.008259983,-0.008480135,-0.007228329,-0.007357133,0.041214572,0.039764144,-0.07615466,-0.074400728,-0.025058828,-0.025081238
1.21,-0.01316663,-0.01325253,-0.0120649,-0.011797749,-0.006916935,-0.00693094,0.047787486,0.047331235,-0.07347627,-0.072395594,-0.037638432,-0.035197457
1.22,-0.016544926,-0.01730597,-0.015313849,-0.016238886,-0.006481001,-0.006617358,0.053395062,0.051877085,-0.069194606,-0.069352038,-0.049428135,-0.046633538
1.23,-0.020073469,-0.019134379,-0.018904104,-0.017094575,-0.006077683,-0.006805241,0.057829247,0.055351598,-0.063268641,-0.064131729,-0.060364896,-0.055469765
1.24,-0.022778208,-0.02270279,-0.021624164,-0.021826335,-0.00542567,-0.005480488,0.061084419,0.058002135,-0.055171588,-0.054652331,-0.068702489,-0.068984236
1.25,-0.025626843,-0.023109627,-0.024264059,-0.022507102,-0.004586718,-0.004467857,0.062686664,0.061013591,-0.045226,-0.042644875,-0.076142078,-0.07158718
1.26,-0.027589705,-0.02627914,-0.026071009,-0.026200096,-0.003688972,-0.003605516,0.062880212,0.061603848,-0.035141667,-0.034035241,-0.081943804,-0.077385386
1.27,-0.02890918,-0.027694831,-0.027166509,-0.027386619,-0.002750198,-0.002896169,0.061509496,0.060721766,-0.024147528,-0.023651702,-0.085199147,-0.082548102
1.28,-0.029573939,-0.02847662,-0.02766849,-0.028218404,-0.001783359,-0.001943405,0.058539368,0.057849614,-0.013602498,-0.014446275,-0.086438886,-0.084365524
1.29,-0.029572222,-0.028714199,-0.027632226,-0.028325435,-0.000849478,-0.001018923,0.054371386,0.054276911,-0.002704233,-0.003139884,-0.085679627,-0.084331406
1.3,-0.028901971,-0.028302813,-0.026974334,-0.02782354,0.000340136,0.000332911,0.049049197,0.050594088,0.009518959,0.008153031,-0.082991625,-0.08238717
1.31,-0.027515633,-0.027057925,-0.025721549,-0.026770269,0.001328991,0.001673157,0.042457486,0.043959247,0.021193606,0.019320505,-0.077996923,-0.076795129
1.32,-0.025478142,-0.025379978,-0.023639082,-0.023495399,0.002266219,0.002581846,0.034692727,0.034742319,0.03164744,0.031636179,-0.071287924,-0.070799812
1.33,-0.022529814,-0.021185818,-0.021242518,-0.022158758,0.003223017,0.003568213,0.026459633,0.026435324,0.041526081,0.039738982,-0.063412057,-0.064956974
1.34,-0.019667533,-0.020436259,-0.018732185,-0.020517503,0.004207838,0.003900807,0.017830645,0.018747641,0.050594951,0.048643143,-0.053258287,-0.052934669
1.35,-0.015938361,-0.01442987,-0.015275783,-0.014403912,0.005027349,0.005188868,0.007782145,0.007055871,0.058353616,0.055394542,-0.041533943,-0.040451669
1.36,-0.012454536,-0.01346745,-0.012089919,-0.013668214,0.005659321,0.005931346,-0.002220005,-0.002321776,0.064975926,0.062505529,-0.029344183,-0.029363717
1.37,-0.00837981,-0.007846184,-0.008288307,-0.007833444,0.006312321,0.006146009,-0.01092358,-0.012031158,0.070264169,0.067258618,-0.017083312,-0.018265981
1.38,-0.00443825,-0.004655729,-0.004782681,-0.005177413,0.006709545,0.00689677,-0.019610676,-0.021172598,0.074225856,0.069817617,-0.005269576,-0.005937861
1.39,-0.000346272,-7.05E-05,-0.000995101,-0.000469815,0.006984976,0.007219879,-0.028395146,-0.028250626,0.075935775,0.073013265,0.007680472,0.007207795
1.4,0.003956978,0.004300275,0.002833462,0.003873518,0.007066386,0.007357766,-0.036742524,-0.034437903,0.076003324,0.073604982,0.021253566,0.019349061
1.41,0.008608701,0.008034897,0.007380386,0.007221173,0.006976479,0.007260391,-0.044326653,-0.041556614,0.074257185,0.072537677,0.033067688,0.033901096
1.42,0.013132708,0.011482672,0.011581412,0.011614288,0.006711348,0.007115767,-0.05113191,-0.046572731,0.070340687,0.068053882,0.044595393,0.042687627
1.43,0.016973331,0.016540932,0.015482417,0.015572198,0.006321848,0.006653268,-0.056861624,-0.051722315,0.064954082,0.064238536,0.054894732,0.053787166
1.44,0.020875623,0.018538856,0.019015337,0.017907179,0.005755408,0.00592169,-0.060638818,-0.058219741,0.058179466,0.058098939,0.064206933,0.061053206
1.45,0.023517148,0.023899626,0.022056532,0.02221206,0.005225232,0.005881436,-0.063449258,-0.060301564,0.050197212,0.050472882,0.072082843,0.069629408
1.46,0.026304672,0.023500085,0.024025403,0.025503238,0.004461296,0.004620411,-0.064348334,-0.062328327,0.040957538,0.041870201,0.078632497,0.075235826
1.47,0.02810909,2.72E-02,0.025733648,0.026173662,0.003476174,0.003273899,-0.063928365,-0.062391284,0.030701715,0.030144312,0.082976645,0.0802834
1.48,0.029175579,0.028451485,0.027169467,0.02708321,0.002401617,0.002363322,-0.061833667,-0.060656131,0.020212046,0.020335624,0.085327119,0.082943851
1.49,0.02962619,0.029090237,0.027760196,0.028384574,0.001405981,0.001579087,-0.058049091,-0.057332853,0.00811288,0.006973331,0.085593065,0.084135224
1.5,0.029576623,0.029155941,0.027757707,0.028566879,0.000450256,0.000567701,-0.052711152,-0.050126551,-0.003692101,-0.003896611,0.083994898,0.083360001
1.51,0.028828738,0.028604607,0.027100502,0.028076228,-0.000700347,-0.000614918,-0.046244454,-0.045549973,-0.014516209,-0.015255616,0.080207747,0.080048653
1.52,0.02768543,0.028011989,0.025547052,0.026136454,-0.001673367,-0.001906369,-0.039044761,-0.040591362,-0.025261053,-0.025092628,0.074197282,0.073937894
1.53,0.025459583,0.024834194,0.023794776,0.025747641,-0.00263673,-0.002846644,-0.030747594,-0.031357997,-0.036262401,-0.033396919,0.066439475,0.066989256
1.54,0.022859084,0.023863749,0.021695872,0.023922108,-0.00356147,-0.003783315,-0.021975612,-0.021849373,-0.046208418,-0.043978813,0.05749257,0.058827187
1.55,0.019858572,0.020056042,0.018537689,0.018376974,-0.00440922,-0.004561413,-0.013337912,-0.014650539,-0.055928915,-0.050058672,0.047313308,0.048663288
1.56,0.015849807,0.014733424,0.015114375,0.016635383,-0.005260145,-0.004940355,-0.004629788,-0.005290573,-0.063717192,-0.059444129,0.035999192,0.036176811
1.57,0.011719291,0.01157228,0.011152902,0.011078104,-0.006081287,-0.005427702,0.004820858,0.004516999,-0.069393562,-0.066920884,0.024456896,0.026013814
1.58,0.007179363,0.00718852,0.006802874,0.007074874,-0.006640303,-0.006502989,0.014798547,0.013468925,-0.073665098,-0.071042731,0.011439084,0.010686384
1.59,0.002246716,0.002278833,0.00221046,0.002549237,-0.00706834,-0.00685086,0.023734251,0.025042078,-0.076378892,-0.073341105,-0.001788283,-0.002017158
1.6,-0.001928389,-0.001717058,-0.001769895,-0.001227142,-0.007248156,-0.007335847,0.031971551,0.03176099,-0.077236384,-0.074668219,-0.013929635,-0.014980639
1.61,-0.00609813,-0.005723462,-0.005715961,-0.005273372,-0.007353169,-0.007346747,0.039797078,0.037436501,-0.07634323,-0.074427507,-0.026372682,-0.026132063
1.62,-0.010128739,-0.00976862,-0.009652543,-0.009121677,-0.007317335,-0.007401336,0.046878668,0.043915173,-0.073661021,-0.072566397,-0.038845683,-0.036893643
1.63,-0.013974726,-0.01418272,-0.013350558,-0.013554017,-0.007157905,-0.007344601,0.052687088,0.049901692,-0.069340991,-0.069578545,-0.050580884,-0.047177404
1.64,-0.017607854,-0.016662069,-0.016814641,-0.016302744,-0.006643049,-0.006486767,0.057359324,0.054064781,-0.063576172,-0.064789321,-0.061243459,-0.057455672
1.65,-0.020918386,-0.020595045,-0.019980893,-0.020087663,-0.00603996,-0.006223395,0.060688225,0.058123757,-0.05565091,-0.055328419,-0.069555903,-0.068893598
1.66,-0.023733032,-0.022580266,-0.022502512,-0.022903468,-0.005170452,-0.004905165,0.062586928,0.060726315,-0.045916851,-0.044042284,-0.076964122,-0.071994017
1.67,-0.026403353,-0.023954287,-0.024982461,-0.023724181,-0.004352142,-0.00480294,0.062912141,0.06160166,-0.035858696,-0.034874365,-0.082430678,-0.077571553
1.68,-0.028098467,-0.026752625,-0.026533336,-0.026741945,-0.003501818,-0.003832624,0.061893588,0.061134955,-0.024801472,-0.024160378,-0.085349437,-0.082739462
1.69,-0.029179332,-0.028004165,-0.02748095,-0.027665011,-0.002602827,-0.002953632,0.059067226,0.058000547,-0.0141828,-0.014984991,-0.086363956,-0.084438566
1.7,-0.029579776,-0.028635364,-0.027727627,-0.028314191,-0.001631825,-0.001844571,0.055225573,0.055747277,-0.00352795,-0.004110715,-0.08543604,-0.084223603
1.71,-0.029383481,-0.028669052,-0.027432799,-0.028230635,-0.000653827,-0.000721991,0.050122553,0.051843783,0.008333808,0.007275026,-0.082488786,-0.081974024
1.72,-0.028484576,-0.027992964,-0.026561489,-0.027474596,0.000541065,0.000507319,0.043813353,0.04550347,0.020323969,0.018071497,-0.07733491,-0.077335733
1.73,-0.02696975,-0.026629286,-0.025169744,-0.026474797,0.001541465,0.001738989,0.036180817,0.036028706,0.030705921,0.030806153,-0.070652734,-0.071257676
1.74,-0.024677642,-0.023922873,-0.022893686,-0.023085085,0.00262954,0.002478721,0.027858845,0.028245622,0.040651423,0.038799307,-0.062390843,-0.063758391
1.75,-0.021847117,-0.021416745,-0.020415883,-0.022356984,0.003751734,0.003371231,0.019486791,0.019959184,0.050069925,0.047498977,-0.051775905,-0.050332884
1.76,-0.018940761,-0.019563017,-0.017516908,-0.018562066,0.004694756,0.00442961,0.009962331,0.009362399,0.058019306,0.054835956,-0.040249487,-0.040400771
1.77,-0.015176871,-0.01392407,-0.014065999,-0.014376275,0.005383032,0.005817191,-0.000300359,-0.000468992,0.064762208,0.061602376,-0.027983595,-0.027909058
1.78,-0.0117012,-0.01242671,-0.01081396,-0.011859805,0.005883039,0.006205876,-0.008926944,-0.009915474,0.070131647,0.066975505,-0.015852243,-0.017017573
1.79,-0.0076454,-0.007500758,-0.006860599,-0.00643861,0.006412657,0.006463711,-0.017657813,-0.018402971,0.074047028,0.069796674,-0.004175278,-0.004817599
1.8,-0.003668778,-0.003693137,-0.003028087,-0.002685277,0.006808551,0.006795275,-0.026579956,-0.026698979,0.075914575,0.072917349,0.009078568,0.008188196
1.81,0.000480535,0.000796923,0.000971323,0.001657756,0.007132261,0.007051737,-0.035360479,-0.032606405,0.076039759,0.073614252,0.022216457,0.02105383
1.82,0.00500201,0.004734707,0.005169859,0.005451172,0.007212255,0.00733588,-0.043149313,-0.039271115,0.074507295,0.072751396,0.034129027,0.034280168
1.83,0.009640772,0.009034524,0.009520188,0.009486845,0.007042139,0.007267773,-0.049911398,-0.046191085,0.070739628,0.06868315,0.045600857,0.043944145
1.84,0.014169242,0.012428097,0.01379623,0.01282656,0.006727484,0.007112248,-0.055817021,-0.051850203,0.06562133,0.065583031,0.056000189,0.054240266
1.85,0.018075526,0.016733107,0.017368074,0.017728952,0.006243527,0.00646723,-0.059941787,-0.058207596,0.058841263,0.059231088,0.06522364,0.062266809
1.86,0.021684491,0.020411811,0.020881081,0.019183525,0.005625418,0.006097858,-0.063035511,-0.059593719,0.050946385,0.050928128,0.073284601,0.06958778
1.87,0.024161308,0.024606313,0.02324812,0.02421861,0.004977096,0.005570943,-0.064052047,-0.062319101,0.041822797,0.042799533,0.07961852,0.075463406
1.88,0.026778972,0.024389119,0.02509614,0.025978783,0.004162777,0.00460582,-0.063723401,-0.062432225,0.031562811,0.030622389,0.083784441,0.080692769
1.89,0.028252985,0.027913198,0.026936308,0.026280349,0.003211215,0.003236434,-0.061802339,-0.061005634,0.021025421,0.021634457,0.085845279,0.0834333
1.9,0.029259779,0.028495087,0.027846585,0.02817665,0.002239826,0.002491209,-0.058333878,-0.058077777,0.009370343,0.008355634,0.086098908,0.084135181
1.91,0.029630482,0.029101696,0.028149996,0.028532933,0.001286848,0.001510851,-0.053380932,-0.051807845,-0.002640718,-0.00283613,0.084227628,0.083072768
1.92,0.029507959,0.02914195,0.027784186,0.028444484,0.00021199,0.000245964,-0.04735536,-0.047494295,-0.013348311,-0.014401858,0.080377006,0.080077664
1.93,0.028723295,0.028607611,0.026746407,0.027496828,-0.000970456,-0.000861852,-0.040443157,-0.042524484,-0.024170531,-0.023882801,0.074074501,0.072840119
1.94,0.02745167,0.027820801,0.024921003,0.025803088,-0.001948239,-0.002085498,-0.032322673,-0.033671993,-0.035197457,-0.03264487,0.066228203,0.066931835
1.95,0.024988715,0.023798732,0.023053756,0.025512465,-0.002887699,-0.003036545,-0.023568286,-0.023772753,-0.045259088,-0.042241514,0.057005094,0.057134992
1.96,0.022507264,0.024109826,0.020617023,0.022335742,-0.003755018,-0.00409621,-0.015000452,-0.015524596,-0.054707116,-0.050087511,0.046786736,0.048116289
1.97,0.019345691,0.019369611,0.017089339,0.016649073,-0.004572384,-0.004586561,-0.006400947,-0.007041262,-0.062871846,-0.05884104,0.035317825,0.035142165
1.98,0.015340402,0.014715829,0.013489557,0.014419836,-0.00535825,-0.005119098,0.00291885,0.002789356,-0.06864456,-0.067024953,0.023681845,0.025196234
1.99,0.011044233,0.010451374,0.009158841,0.009032329,-0.006002666,-0.005897453,0.01314004,0.011893417,-0.073146337,-0.070432603,0.010693215,0.009945665
2,0.006315176,0.006025428,0.004554582,0.004593552,-0.006472246,-0.00661577,0.022343408,0.021779997,-0.075962785,-0.073341105,-0.002525397,-0.002748693
